F_Governorate,F_District,F_Subdistrict,F_Community,Comment,T_Governorate,T_District,T_Subdistrict,T_Community,TypeofShelter,ShelterSpecific,Nov_Change,F_Government PCODE,F_Dictrict PCODE,F_SubDistrict PCODE,F_Community PCODE,T_Government PCODE,T_District PCODE,T_SubDictrict PCODE,T_Community PCODE
Aleppo/ ???,Ain Al Arab/ ??? ?????,Sarin,,,Aleppo/ ???,A'zaz/ ?????,Azaz,Azaz/ ?????,Other/ ????,Azaz Transit and Reception Centre,47,SY02,SY0206,SY020602,,SY02,SY0204,SY020400,C1564
Aleppo/ ???,Al Bab/ ?????,Al Bab,Al Bab/ ?????,,Idleb/ ????,Al Ma'ra/ ???? ???????,Kafr Nobol,Ftireh/ ?????,,,75,SY02,SY0202,SY020200,C1202,SY07,SY0702,SY070203,C4070
Aleppo/ ???,Al Bab/ ?????,Ar-Raee,,,Aleppo/ ???,A'zaz/ ?????,Azaz,Azaz/ ?????,Other/ ????,Azaz Transit and Reception Centre,2,SY02,SY0202,SY020203,,SY02,SY0204,SY020400,C1564
Aleppo/ ???,Al Bab/ ?????,Dayr Hafir,,,Aleppo/ ???,A'zaz/ ?????,Azaz,Azaz/ ?????,Other/ ????,Azaz Transit and Reception Centre,19,SY02,SY0202,SY020202,,SY02,SY0204,SY020400,C1564
Aleppo/ ???,As-Safira/ ???????,As-Safira,,,Aleppo/ ???,A'zaz/ ?????,Azaz,Azaz/ ?????,Other/ ????,Azaz Transit and Reception Centre,34,SY02,SY0207,SY020700,,SY02,SY0204,SY020400,C1564
Aleppo/ ???,Jarablus/ ??????,Jarablus,,,Aleppo/ ???,A'zaz/ ?????,Azaz,Azaz/ ?????,Other/ ????,Azaz Transit and Reception Centre,7,SY02,SY0208,SY020800,,SY02,SY0204,SY020400,C1564
Aleppo/ ???,Menbij/ ????,Maskana,,,Aleppo/ ???,A'zaz/ ?????,Azaz,Azaz/ ?????,Other/ ????,Azaz Transit and Reception Centre,14,SY02,SY0205,SY020503,,SY02,SY0204,SY020400,C1564
Aleppo/ ???,Menbij/ ????,Menbij,,,Aleppo/ ???,A'zaz/ ?????,Azaz,Azaz/ ?????,Other/ ????,Azaz Transit and Reception Centre,7,SY02,SY0205,SY020500,,SY02,SY0204,SY020400,C1564
Aleppo/ ???,Al Bab/ ?????,Tadaf,,,Aleppo/ ???,A'zaz/ ?????,Azaz,Azaz/ ?????,Other/ ????,Azaz Transit and Reception Centre,11,SY02,SY0202,SY020201,,SY02,SY0204,SY020400,C1564
Aleppo/ ???,Jebel Saman (Aleppo)/ ??? ?????,Jebel Saman (Aleppo),,,Aleppo/ ???,A'zaz/ ?????,Azaz,Azaz/ ?????,Other/ ????,Azaz Transit and Reception Centre,21,SY02,SY0200,SY020000,,SY02,SY0204,SY020400,C1564
Aleppo/ ???,Al Bab/ ?????,Al Bab,,,Aleppo/ ???,A'zaz/ ?????,Azaz,Salama/ ???????,Camps  / ??????,Bab Al Salame camp/  ???? ???? ???????,18,SY02,SY0202,SY020200,,SY02,SY0204,SY020400,C1561
Aleppo/ ???,Al Bab/ ?????,Al Bab,,,Aleppo/ ???,A'zaz/ ?????,Azaz,Salama/ ???????,Camps  / ??????,Sujjo camp/ ???? ????,186,SY02,SY0202,SY020200,,SY02,SY0204,SY020400,C1561
Aleppo/ ???,Al Bab/ ?????,Al Bab,Bazagha/ ?????,,Aleppo/ ???,A'zaz/ ?????,Azaz,Azaz/ ?????,Other/ ????,Azaz Transit Centre,6,SY02,SY0202,SY020200,C1188,SY02,SY0204,SY020400,C1564
Aleppo/ ???,Al Bab/ ?????,Al Bab,,,Aleppo/ ???,A'zaz/ ?????,Azaz,Shamarin/ ??????,Camps  / ??????,Bab Al Noor camp/ ????  ??? ?????,792,SY02,SY0202,SY020200,,SY02,SY0204,SY020400,C1566
Aleppo/ ???,Al Bab/ ?????,Al Bab,,IDPs from Eastern rural,Aleppo/ ???,A'zaz/ ?????,Azaz,Shamarin/ ??????,Camps  / ??????,Shamarin camp / ???? ??????,30,SY02,SY0202,SY020200,,SY02,SY0204,SY020400,C1566
Aleppo/ ???,Jebel Saman (Aleppo)/ ??? ?????,Daret Azza,Anjara/ ??????,,Idleb/ ????,Harim/ ????,Dana,Sarmada/ ?????,Unfinished houses or buildings/???? ?? ???? ??? ???????,,30,SY02,SY0200,SY020004,C1144,SY07,SY0703,SY070301,C4121
Aleppo/ ???,Jebel Saman (Aleppo)/ ??? ?????,Atareb,Kafr Naha/ ??? ????,,Idleb/ ????,Harim/ ????,Harim,Harim/ ????,Living with host families/ ?????? ?? ?????? ?????,,250,SY02,SY0200,SY020001,C1034,SY07,SY0703,SY070300,C4115
Aleppo/ ???,Jebel Saman (Aleppo)/ ??? ?????,Atareb,Abin Samaan/ ???? ?????,,Idleb/ ????,Harim/ ????,Qourqeena,Kafr Aruq/ ??? ????,,,875,SY02,SY0200,SY020001,C1026,SY07,SY0703,SY070304,C4172
Aleppo/ ???,Jebel Saman (Aleppo)/ ??? ?????,Atareb,Abin Samaan/ ???? ?????,,Idleb/ ????,Idleb/ ???? ????,Maaret Tamsrin,Kaftin/ ?????,Individual tents/ ??? ?????,,1250,SY02,SY0200,SY020001,C1026,SY07,SY0700,SY070005,C3951
Ar-Raqqa/ ?????,Ar-Raqqa/ ???? ?????,Ar-Raqqa,,,Aleppo/ ???,A'zaz/ ?????,Azaz,Azaz/ ?????,Other/ ????,Azaz Transit and Reception Centre,83,SY11,SY1101,SY110100,,SY02,SY0204,SY020400,C1564
Ar-Raqqa/ ?????,Ath-Thawrah/ ??????,Al-Thawrah,,,Aleppo/ ???,A'zaz/ ?????,Azaz,Azaz/ ?????,Other/ ????,Azaz Transit and Reception Centre,4,SY11,SY1103,SY110300,,SY02,SY0204,SY020400,C1564
Damascus/ ????? ????,Damascus/ ????? ????,Damascus,,,Aleppo/ ???,A'zaz/ ?????,Azaz,Azaz/ ?????,Other/ ????,Azaz Transit and Reception Centre,2,SY01,SY0100,SY010000,,SY02,SY0204,SY020400,C1564
Deir-ez-Zor/ ??? ?????,Al Mayadin/ ????????,Al Mayadin,,,Aleppo/ ???,A'zaz/ ?????,Azaz,Azaz/ ?????,Other/ ????,Azaz Transit and Reception Centre,2,SY09,SY0903,SY090300,,SY02,SY0204,SY020400,C1564
Hama/ ????,Hama/ ???? ????,Suran - Hama,Suran/ ?????,,Hama/ ????,As-Suqaylabiyah/ ?????????,Madiq Castle,Deir Sunbul/ ??? ????,Living with host families/ ?????? ?? ?????? ?????,,12,SY05,SY0501,SY050101,C3026,SY05,SY0502,SY050204,C3190
Hama/ ????,Muhradah/ ?????,Muhradah,Halfaya/ ??????,,Hama/ ????,As-Suqaylabiyah/ ?????????,Madiq Castle,Jamasa Odayat - Alshareeah/ ????? ?????_???????,Living with host families/ ?????? ?? ?????? ?????,,600,SY05,SY0505,SY050500,C3453,SY05,SY0502,SY050204,C3193
Hama/ ????,Hama/ ???? ????,Suran - Hama,Suran/ ?????,,Hama/ ????,As-Suqaylabiyah/ ?????????,Madiq Castle,Madiq Castle/ ???? ??????,Living with host families/ ?????? ?? ?????? ?????,,84,SY05,SY0501,SY050101,C3026,SY05,SY0502,SY050204,C3207
Hama/ ????,Hama/ ???? ????,Suran - Hama,Tiba Elemam/ ???? ??????,,Idleb/ ????,Al Ma'ra/ ???? ???????,Kafr Nobol,Kafr Nobol/ ??? ???,Living with host families/ ?????? ?? ?????? ?????,,144,SY05,SY0501,SY050101,C3028,SY07,SY0702,SY070203,C4068
Hama/ ????,Muhradah/ ?????,Muhradah,Halfaya/ ??????,,Idleb/ ????,Al Ma'ra/ ???? ???????,Kafr Nobol,Kafr Nobol/ ??? ???,Living with host families/ ?????? ?? ?????? ?????,,750,SY05,SY0505,SY050500,C3453,SY07,SY0702,SY070203,C4068
Hama/ ????,Hama/ ???? ????,Suran - Hama,Tiba Elemam/ ???? ??????,,Idleb/ ????,Al Ma'ra/ ???? ???????,Kafr Nobol,Maar Tahroma/ ????????,Living with host families/ ?????? ?? ?????? ?????,,600,SY05,SY0501,SY050101,C3028,SY07,SY0702,SY070203,C4071
Hama/ ????,Muhradah/ ?????,Muhradah,Halfaya/ ??????,,Idleb/ ????,Al Ma'ra/ ???? ???????,Khan Shaykun,Abdin/ ??????,Living with host families/ ?????? ?? ?????? ?????,,276,SY05,SY0505,SY050500,C3453,SY07,SY0702,SY070201,C3990
Hama/ ????,Hama/ ???? ????,Suran - Hama,Tiba Elemam/ ???? ??????,,Idleb/ ????,Al Ma'ra/ ???? ???????,Khan Shaykun,Hbit/ ??????,Living with host families/ ?????? ?? ?????? ?????,,400,SY05,SY0501,SY050101,C3028,SY07,SY0702,SY070201,C3989
Hama/ ????,Muhradah/ ?????,Muhradah,Halfaya/ ??????,,Idleb/ ????,Al Ma'ra/ ???? ???????,Khan Shaykun,Hbit/ ??????,Living with host families/ ?????? ?? ?????? ?????,,600,SY05,SY0505,SY050500,C3453,SY07,SY0702,SY070201,C3989
Hama/ ????,Hama/ ???? ????,Suran - Hama,Murak/ ????,,Idleb/ ????,Al Ma'ra/ ???? ???????,Maarrat An Numan,Dana/ ??????,Living with host families/ ?????? ?? ?????? ?????,,690,SY05,SY0501,SY050101,C3029,SY07,SY0702,SY070200,C3965
Hama/ ????,Hama/ ???? ????,Suran - Hama,Murak/ ????,,Idleb/ ????,Al Ma'ra/ ???? ???????,Maarrat An Numan,Hantutin/ ???????,Living with host families/ ?????? ?? ?????? ?????,,84,SY05,SY0501,SY050101,C3029,SY07,SY0702,SY070200,C3957
Hama/ ????,Hama/ ???? ????,Suran - Hama,Suran/ ?????,,Idleb/ ????,Ariha/ ?????,Ehsem,Joseph/ ????,Living with host families/ ?????? ?? ?????? ?????,,90,SY05,SY0501,SY050101,C3026,SY07,SY0705,SY070501,C4303
Hama/ ????,Muhradah/ ?????,Kafr Zeita,Kafr Zeita/ ??? ????,,Idleb/ ????,Harim/ ????,Dana,Atma/ ????,Camps  / ??????,Atmeh camp,24,SY05,SY0505,SY050501,C3463,SY07,SY0703,SY070301,C4130
Homs/ ???,Homs/ ???? ???,Homs,,,Aleppo/ ???,A'zaz/ ?????,Azaz,Azaz/ ?????,Other/ ????,Azaz Transit and Reception Centre,6,SY04,SY0401,SY040100,,SY02,SY0204,SY020400,C1564
Idleb/ ????,Harim/ ????,Harim,,,Aleppo/ ???,A'zaz/ ?????,Azaz,Azaz/ ?????,Other/ ????,Azaz Transit Centre,11,SY07,SY0703,SY070300,,SY02,SY0204,SY020400,C1564
Idleb/ ????,Idleb/ ???? ????,Idleb,,,Aleppo/ ???,A'zaz/ ?????,Azaz,Azaz/ ?????,Other/ ????,Azaz Transit Centre,8,SY07,SY0700,SY070000,,SY02,SY0204,SY020400,C1564
Idleb/ ????,Idleb/ ???? ????,Idleb,Idleb/ ????,,Idleb/ ????,Idleb/ ???? ????,Maaret Tamsrin,Kafraya Maar Tamsarin/ ????? ?????????,Living with host families/ ?????? ?? ?????? ?????,,720,SY07,SY0700,SY070000,C3871,SY07,SY0700,SY070005,C3952
Idleb/ ????,Jisr-Ash-Shugur/ ??? ??????,Jisr-Ash-Shugur,,,Idleb/ ????,Jisr-Ash-Shugur/ ??? ??????,Jisr-Ash-Shugur,Jisr-Ash-Shugur/ ??? ??????,,,225,SY07,SY0704,SY070400,,SY07,SY0704,SY070400,C4199
Idleb/ ????,Jisr-Ash-Shugur/ ??? ??????,Jisr-Ash-Shugur,,Mishmishan,Idleb/ ????,Jisr-Ash-Shugur/ ??? ??????,Jisr-Ash-Shugur,Jisr-Ash-Shugur/ ??? ??????,,,250,SY07,SY0704,SY070400,,SY07,SY0704,SY070400,C4199
Deir-ez-Zor/ ??? ?????,Deir-ez-Zor/ ???? ??? ?????,Deir-ez-Zor,,,Aleppo/ ???,A'zaz/ ?????,Azaz,Azaz/ ?????,Other/ ????,Azaz Transit and Reception Centre,15,SY09,SY0901,SY090100,,SY02,SY0204,SY020400,C1564
Aleppo/ ???,Al Bab/ ?????,Al Bab,Qabasin/ ??????,,Aleppo/ ???,A'zaz/ ?????,Azaz,Azaz/ ?????,Other/ ????,Azaz Transit Centre,27,SY02,SY0202,SY020200,C1209,SY02,SY0204,SY020400,C1564
Aleppo/ ???,Al Bab/ ?????,Al Bab,,,Aleppo/ ???,A'zaz/ ?????,Azaz,Azaz/ ?????,Other/ ????,Azaz Transit and Reception Centre,42,SY02,SY0202,SY020200,,SY02,SY0204,SY020400,C1564
Aleppo/ ???,Jebel Saman (Aleppo)/ ??? ?????,Atareb,Abin Samaan/ ???? ?????,,Aleppo/ ???,Jebel Saman (Aleppo)/ ??? ?????,Atareb,Abin Samaan/ ???? ?????,Individual tents/ ??? ?????,,3500,SY02,SY0200,SY020001,C1026,SY02,SY0200,SY020001,C1026
Aleppo/ ???,Jebel Saman (Aleppo)/ ??? ?????,Atareb,Big Orm/ ???? ??????,,Aleppo/ ???,Jebel Saman (Aleppo)/ ??? ?????,Atareb,Kafr Karmin/ ??? ?????,,,375,SY02,SY0200,SY020001,C1029,SY02,SY0200,SY020001,C1035
Aleppo/ ???,Jebel Saman (Aleppo)/ ??? ?????,Atareb,Big Orm/ ???? ??????,,Idleb/ ????,Harim/ ????,Dana,Dana/ ??????,,,500,SY02,SY0200,SY020001,C1029,SY07,SY0703,SY070301,C4126
Aleppo/ ???,Jebel Saman (Aleppo)/ ??? ?????,Atareb,Big Orm/ ???? ??????,,Idleb/ ????,Harim/ ????,Harim,Harim/ ????,,,375,SY02,SY0200,SY020001,C1029,SY07,SY0703,SY070300,C4115
Aleppo/ ???,Jebel Saman (Aleppo)/ ??? ?????,Atareb,Kafr Naha/ ??? ????,,Aleppo/ ???,Jebel Saman (Aleppo)/ ??? ?????,Atareb,Kafr Karmin/ ??? ?????,,,375,SY02,SY0200,SY020001,C1034,SY02,SY0200,SY020001,C1035
Aleppo/ ???,Jebel Saman (Aleppo)/ ??? ?????,Atareb,Kafr Naha/ ??? ????,,Idleb/ ????,Harim/ ????,Dana,Dana/ ??????,,,500,SY02,SY0200,SY020001,C1034,SY07,SY0703,SY070301,C4126
Aleppo/ ???,Jebel Saman (Aleppo)/ ??? ?????,Atareb,Kafr Naha/ ??? ????,,Idleb/ ????,Harim/ ????,Dana,Selwa/ ????,,,350,SY02,SY0200,SY020001,C1034,SY07,SY0703,SY070301,C4123
Aleppo/ ???,Jebel Saman (Aleppo)/ ??? ?????,Atareb,Kafr Naha/ ??? ????,,Idleb/ ????,Harim/ ????,Dana,Termanin/ ???????,Rented houses/???? ???????  ,,328,SY02,SY0200,SY020001,C1034,SY07,SY0703,SY070301,C4125
Aleppo/ ???,Jebel Saman (Aleppo)/ ??? ?????,Daret Azza,Daret Azza/ ???? ???,,Idleb/ ????,Harim/ ????,Dana,Selwa/ ????,,,375,SY02,SY0200,SY020004,C1139,SY07,SY0703,SY070301,C4123
Aleppo/ ???,Jebel Saman (Aleppo)/ ??? ?????,Haritan,Babis/ ?????,,Idleb/ ????,Idleb/ ???? ????,Maaret Tamsrin,Kelly/ ????,Rented houses/???? ???????  ,,97,SY02,SY0200,SY020003,C6331,SY07,SY0700,SY070005,C3949
Aleppo/ ???,Jebel Saman (Aleppo)/ ??? ?????,Jebel Saman (Aleppo),Aleppo/ ???,Khan AlAsal,Aleppo/ ???,Jebel Saman (Aleppo)/ ??? ?????,Daret Azza,Hoteh/ ??????,,,2250,SY02,SY0200,SY020000,C1007,SY02,SY0200,SY020004,C1146
Aleppo/ ???,Jebel Saman (Aleppo)/ ??? ?????,Jebel Saman (Aleppo),Khantuman/ ????????,,Idleb/ ????,Idleb/ ???? ????,Maaret Tamsrin,Batenta/ ??????,Living with host families/ ?????? ?? ?????? ?????,,40,SY02,SY0200,SY020000,C1015,SY07,SY0700,SY070005,C3939
Aleppo/ ???,Jebel Saman (Aleppo)/ ??? ?????,Jebel Saman (Aleppo),,Khan AlAsal,Idleb/ ????,Harim/ ????,Dana,Dana/ ??????,,,500,SY02,SY0200,SY020000,,SY07,SY0703,SY070301,C4126
Aleppo/ ???,Jebel Saman (Aleppo)/ ??? ?????,Jebel Saman (Aleppo),,Kafr Dael,Idleb/ ????,Harim/ ????,Dana,Selwa/ ????,,,275,SY02,SY0200,SY020000,,SY07,SY0703,SY070301,C4123
Aleppo/ ???,Jebel Saman (Aleppo)/ ??? ?????,Jebel Saman (Aleppo),,Kafr Dael,Idleb/ ????,Harim/ ????,Harim,Harim/ ????,,,375,SY02,SY0200,SY020000,,SY07,SY0703,SY070300,C4115
Aleppo/ ???,Jebel Saman (Aleppo)/ ??? ?????,Jebel Saman (Aleppo),,Khan AlAsal,Idleb/ ????,Idleb/ ???? ????,Idleb,Idleb/ ????,,,80,SY02,SY0200,SY020000,,SY07,SY0700,SY070000,C3871
Ar-Raqqa/ ?????,Ar-Raqqa/ ???? ?????,Ar-Raqqa,Ar-Raqqa/ ?????,,Idleb/ ????,Harim/ ????,Dana,Dana/ ??????,Rented houses/???? ???????  ,,300,SY11,SY1101,SY110100,C5710,SY07,SY0703,SY070301,C4126
Hama/ ????,As-Suqaylabiyah/ ?????????,Tell Salhib,Latmana/ ??????,,Hama/ ????,As-Suqaylabiyah/ ?????????,Madiq Castle,Bab Eltaqa/ ??? ??????,Living with host families/ ?????? ?? ?????? ?????,,150,SY05,SY0502,SY050201,C3138,SY05,SY0502,SY050204,C3199
Hama/ ????,As-Suqaylabiyah/ ?????????,Tell Salhib,Latmana/ ??????,,Hama/ ????,As-Suqaylabiyah/ ?????????,Madiq Castle,Madiq Castle/ ???? ??????,Living with host families/ ?????? ?? ?????? ?????,,180,SY05,SY0502,SY050201,C3138,SY05,SY0502,SY050204,C3207
Hama/ ????,As-Suqaylabiyah/ ?????????,Tell Salhib,Latmana/ ??????,,Hama/ ????,As-Suqaylabiyah/ ?????????,Ziyara,Ankawi/ ????????,Living with host families/ ?????? ?? ?????? ?????,,54,SY05,SY0502,SY050201,C3138,SY05,SY0502,SY050202,C3155
Hama/ ????,As-Suqaylabiyah/ ?????????,Tell Salhib,Latmana/ ??????,,Idleb/ ????,Al Ma'ra/ ???? ???????,Kafr Nobol,Basqala/ ?????,Living with host families/ ?????? ?? ?????? ?????,,192,SY05,SY0502,SY050201,C3138,SY07,SY0702,SY070203,C4061
Hama/ ????,As-Suqaylabiyah/ ?????????,Tell Salhib,Latmana/ ??????,,Idleb/ ????,Al Ma'ra/ ???? ???????,Khan Shaykun,Qasabiyeh/ ????????,Living with host families/ ?????? ?? ?????? ?????,,120,SY05,SY0502,SY050201,C3138,SY07,SY0702,SY070201,C3986
Hama/ ????,As-Suqaylabiyah/ ?????????,Tell Salhib,Latmana/ ??????,,Idleb/ ????,Ariha/ ?????,Ariha,Ariha/ ?????,Living with host families/ ?????? ?? ?????? ?????,,36,SY05,SY0502,SY050201,C3138,SY07,SY0705,SY070500,C4278
Hama/ ????,As-Suqaylabiyah/ ?????????,Tell Salhib,Latmana/ ??????,,Idleb/ ????,Ariha/ ?????,Ehsem,Arnaba/ ?????,Living with host families/ ?????? ?? ?????? ?????,,90,SY05,SY0502,SY050201,C3138,SY07,SY0705,SY070501,C4301
Hama/ ????,As-Suqaylabiyah/ ?????????,Tell Salhib,Latmana/ ??????,,Idleb/ ????,Idleb/ ???? ????,Saraqab,Dadikh/ ?????,Living with host families/ ?????? ?? ?????? ?????,,300,SY05,SY0502,SY050201,C3138,SY07,SY0700,SY070003,C3910
Hama/ ????,As-Suqaylabiyah/ ?????????,Tell Salhib,Tal Salhab/ ?? ????,,Idleb/ ????,Al Ma'ra/ ???? ???????,Kafr Nobol,Sheikh Mustafa/ ????? ?????,Living with host families/ ?????? ?? ?????? ?????,,150,SY05,SY0502,SY050201,C3145,SY07,SY0702,SY070203,C4055
Hama/ ????,Hama/ ???? ????,Suran - Hama,Atshan/ ?????,,Hama/ ????,As-Suqaylabiyah/ ?????????,Madiq Castle,Jisr-Ash-Shugur/ ??? ??????,Living with host families/ ?????? ?? ?????? ?????,,756,SY05,SY0501,SY050101,C3021,SY05,SY0502,SY050204,C4199
Hama/ ????,Hama/ ???? ????,Suran - Hama,Atshan/ ?????,,Hama/ ????,As-Suqaylabiyah/ ?????????,Madiq Castle,Upper Hweijeh/ ????? ????,Living with host families/ ?????? ?? ?????? ?????,,210,SY05,SY0501,SY050101,C3021,SY05,SY0502,SY050204,C3196
Hama/ ????,Hama/ ???? ????,Suran - Hama,Atshan/ ?????,,Hama/ ????,Muhradah/ ?????,Kafr Zeita,Latmana/ ????????,Living with host families/ ?????? ?? ?????? ?????,,270,SY05,SY0501,SY050101,C3021,SY05,SY0505,SY050501,C3458
Hama/ ????,Hama/ ???? ????,Suran - Hama,Atshan/ ?????,,Idleb/ ????,Idleb/ ???? ????,Bennsh,Bennsh/ ???,Living with host families/ ?????? ?? ?????? ?????,,900,SY05,SY0501,SY050101,C3021,SY07,SY0700,SY070002,C3904
Hama/ ????,Hama/ ???? ????,Suran - Hama,Atshan/ ?????,,Idleb/ ????,Idleb/ ???? ????,Saraqab,Maar Dibsi/ ???????,Living with host families/ ?????? ?? ?????? ?????,,600,SY05,SY0501,SY050101,C3021,SY07,SY0700,SY070003,C3931
Hama/ ????,Hama/ ???? ????,Suran - Hama,Atshan/ ?????,,Idleb/ ????,Idleb/ ???? ????,Saraqab,Mardikh/ ?????,Living with host families/ ?????? ?? ?????? ?????,,246,SY05,SY0501,SY050101,C3021,SY07,SY0700,SY070003,C3930
Hama/ ????,Hama/ ???? ????,Suran - Hama,Atshan/ ?????,,Idleb/ ????,Idleb/ ???? ????,Sarmin,Sarmin/ ?????,Living with host families/ ?????? ?? ?????? ?????,,600,SY05,SY0501,SY050101,C3021,SY07,SY0700,SY070006,C3953
Hama/ ????,Hama/ ???? ????,Suran - Hama,Lahaya/ ?????,,Hama/ ????,As-Suqaylabiyah/ ?????????,Madiq Castle,Madiq Castle/ ???? ??????,Living with host families/ ?????? ?? ?????? ?????,,66,SY05,SY0501,SY050101,C3034,SY05,SY0502,SY050204,C3207
Hama/ ????,Hama/ ???? ????,Suran - Hama,Lahaya/ ?????,,Hama/ ????,As-Suqaylabiyah/ ?????????,Madiq Castle,Sehriyeh/ ?????,Living with host families/ ?????? ?? ?????? ?????,,36,SY05,SY0501,SY050101,C3034,SY05,SY0502,SY050204,C3204
Hama/ ????,Hama/ ???? ????,Suran - Hama,Lahaya/ ?????,,Hama/ ????,As-Suqaylabiyah/ ?????????,Ziyara,Ziyara/ ???????,Living with host families/ ?????? ?? ?????? ?????,,48,SY05,SY0501,SY050101,C3034,SY05,SY0502,SY050202,C3166
Hama/ ????,Hama/ ???? ????,Suran - Hama,Lahaya/ ?????,,Idleb/ ????,Al Ma'ra/ ???? ???????,Kafr Nobol,Has/ ???,Living with host families/ ?????? ?? ?????? ?????,,270,SY05,SY0501,SY050101,C3034,SY07,SY0702,SY070203,C4058
Hama/ ????,Hama/ ???? ????,Suran - Hama,Lahaya/ ?????,,Idleb/ ????,Al Ma'ra/ ???? ???????,Kafr Nobol,Tramla/ ?????,Living with host families/ ?????? ?? ?????? ?????,,444,SY05,SY0501,SY050101,C3034,SY07,SY0702,SY070203,C4051
Hama/ ????,Hama/ ???? ????,Suran - Hama,Lahaya/ ?????,,Idleb/ ????,Al Ma'ra/ ???? ???????,Khan Shaykun,Hbit/ ??????,Living with host families/ ?????? ?? ?????? ?????,,750,SY05,SY0501,SY050101,C3034,SY07,SY0702,SY070201,C3989
Hama/ ????,Hama/ ???? ????,Suran - Hama,Lahaya/ ?????,,Idleb/ ????,Al Ma'ra/ ???? ???????,Maarrat An Numan,Ma'arrat An Nu'man/ ???? ???????,Living with host families/ ?????? ?? ?????? ?????,,1110,SY05,SY0501,SY050101,C3034,SY07,SY0702,SY070200,C3985
Hama/ ????,Hama/ ???? ????,Suran - Hama,Lahaya/ ?????,,Idleb/ ????,Al Ma'ra/ ???? ???????,Maarrat An Numan,Maasaran/ ??????,Living with host families/ ?????? ?? ?????? ?????,,498,SY05,SY0501,SY050101,C3034,SY07,SY0702,SY070200,C3980
Hama/ ????,Hama/ ???? ????,Suran - Hama,Lahaya/ ?????,,Idleb/ ????,Ariha/ ?????,Ariha,Maarbalit/ ???????,Living with host families/ ?????? ?? ?????? ?????,,540,SY05,SY0501,SY050101,C3034,SY07,SY0705,SY070500,C4285
Hama/ ????,Hama/ ???? ????,Suran - Hama,Maar Dis/ ?????,,Hama/ ????,As-Suqaylabiyah/ ?????????,Madiq Castle,Tweini/ ?????,Living with host families/ ?????? ?? ?????? ?????,,270,SY05,SY0501,SY050101,C3031,SY05,SY0502,SY050204,C3188
Hama/ ????,Hama/ ???? ????,Suran - Hama,Murak/ ????,,Hama/ ????,As-Suqaylabiyah/ ?????????,Madiq Castle,Eastern Huweiz/ ?????? ???????,Living with host families/ ?????? ?? ?????? ?????,,300,SY05,SY0501,SY050101,C3029,SY05,SY0502,SY050204,C3194
Hama/ ????,Hama/ ???? ????,Suran - Hama,Murak/ ????,,Hama/ ????,As-Suqaylabiyah/ ?????????,Madiq Castle,Madiq Castle/ ???? ??????,Living with host families/ ?????? ?? ?????? ?????,,30,SY05,SY0501,SY050101,C3029,SY05,SY0502,SY050204,C3207
Hama/ ????,Hama/ ???? ????,Suran - Hama,Murak/ ????,,Idleb/ ????,Al Ma'ra/ ???? ???????,Heish,Armanaya/ ???????,Living with host families/ ?????? ?? ?????? ?????,,144,SY05,SY0501,SY050101,C3029,SY07,SY0702,SY070205,C4106
Hama/ ????,Hama/ ???? ????,Suran - Hama,Murak/ ????,,Idleb/ ????,Al Ma'ra/ ???? ???????,Heish,Heish/ ???,Living with host families/ ?????? ?? ?????? ?????,,600,SY05,SY0501,SY050101,C3029,SY07,SY0702,SY070205,C4105
Hama/ ????,Hama/ ???? ????,Suran - Hama,Murak/ ????,,Idleb/ ????,Al Ma'ra/ ???? ???????,Heish,Kafrsajna/ ???????,Living with host families/ ?????? ?? ?????? ?????,,516,SY05,SY0501,SY050101,C3029,SY07,SY0702,SY070205,C4110
Hama/ ????,Hama/ ???? ????,Suran - Hama,Murak/ ????,,Idleb/ ????,Al Ma'ra/ ???? ???????,Kafr Nobol,Qoqfin/ ??????,Living with host families/ ?????? ?? ?????? ?????,,510,SY05,SY0501,SY050101,C3029,SY07,SY0702,SY070203,C4064
Hama/ ????,Hama/ ???? ????,Suran - Hama,Murak/ ????,,Idleb/ ????,Al Ma'ra/ ???? ???????,Kafr Nobol,Shorlin/ ??????,Living with host families/ ?????? ?? ?????? ?????,,66,SY05,SY0501,SY050101,C3029,SY07,SY0702,SY070203,C4053
Hama/ ????,Hama/ ???? ????,Suran - Hama,Murak/ ????,,Idleb/ ????,Al Ma'ra/ ???? ???????,Khan Shaykun,Nqeir/ ??????,Living with host families/ ?????? ?? ?????? ?????,,54,SY05,SY0501,SY050101,C3029,SY07,SY0702,SY070201,C3991
Hama/ ????,Hama/ ???? ????,Suran - Hama,Murak/ ????,,Idleb/ ????,Al Ma'ra/ ???? ???????,Maarrat An Numan,Eastern Deir/ ??? ????,Living with host families/ ?????? ?? ?????? ?????,,300,SY05,SY0501,SY050101,C3029,SY07,SY0702,SY070200,C3962
Hama/ ????,Hama/ ???? ????,Suran - Hama,Murak/ ????,,Idleb/ ????,Ariha/ ?????,Ariha,Sarja/ ????,Living with host families/ ?????? ?? ?????? ?????,,132,SY05,SY0501,SY050101,C3029,SY07,SY0705,SY070500,C4273
Hama/ ????,Hama/ ???? ????,Suran - Hama,Murak/ ????,,Idleb/ ????,Idleb/ ???? ????,Idleb,Nayrab/ ??????,Living with host families/ ?????? ?? ?????? ?????,,630,SY05,SY0501,SY050101,C3029,SY07,SY0700,SY070000,C3867
Hama/ ????,Hama/ ???? ????,Suran - Hama,Murak/ ????,,Idleb/ ????,Idleb/ ???? ????,Idleb,Qminas/ ??????,Living with host families/ ?????? ?? ?????? ?????,,564,SY05,SY0501,SY050101,C3029,SY07,SY0700,SY070000,C3876
Hama/ ????,Hama/ ???? ????,Suran - Hama,Murak/ ????,,Idleb/ ????,Idleb/ ???? ????,Saraqab,Afs/ ???,Living with host families/ ?????? ?? ?????? ?????,,600,SY05,SY0501,SY050101,C3029,SY07,SY0700,SY070003,C3920
Hama/ ????,Hama/ ???? ????,Suran - Hama,Suran/ ?????,,Hama/ ????,As-Suqaylabiyah/ ?????????,Madiq Castle,Hawash/ ??????,Living with host families/ ?????? ?? ?????? ?????,,48,SY05,SY0501,SY050101,C3026,SY05,SY0502,SY050204,C3195
Hama/ ????,Hama/ ???? ????,Suran - Hama,Suran/ ?????,,Hama/ ????,As-Suqaylabiyah/ ?????????,Ziyara,Doqmaq/ ?????,Living with host families/ ?????? ?? ?????? ?????,,90,SY05,SY0501,SY050101,C3026,SY05,SY0502,SY050202,C3156
Hama/ ????,Hama/ ???? ????,Suran - Hama,Suran/ ?????,,Hama/ ????,As-Suqaylabiyah/ ?????????,Ziyara,Qalidin/ ??????,Living with host families/ ?????? ?? ?????? ?????,,60,SY05,SY0501,SY050101,C3026,SY05,SY0502,SY050202,C3167
Hama/ ????,Hama/ ???? ????,Suran - Hama,Suran/ ?????,,Hama/ ????,As-Suqaylabiyah/ ?????????,Ziyara,Ziyara/ ???????,Living with host families/ ?????? ?? ?????? ?????,,36,SY05,SY0501,SY050101,C3026,SY05,SY0502,SY050202,C3166
Hama/ ????,Hama/ ???? ????,Suran - Hama,Suran/ ?????,,Hama/ ????,Hama/ ???? ????,Hama,Kalidiyeh/ ????????,Living with host families/ ?????? ?? ?????? ?????,,90,SY05,SY0501,SY050101,C3026,SY05,SY0501,SY050100,C2999
Hama/ ????,Hama/ ???? ????,Suran - Hama,Suran/ ?????,,Idleb/ ????,Al Ma'ra/ ???? ???????,Kafr Nobol,Ftireh/ ?????,,,100,SY05,SY0501,SY050101,C3026,SY07,SY0702,SY070203,C4070
Hama/ ????,Hama/ ???? ????,Suran - Hama,Suran/ ?????,,Idleb/ ????,Al Ma'ra/ ???? ???????,Kafr Nobol,Kawkabeh/ ?????,Living with host families/ ?????? ?? ?????? ?????,,48,SY05,SY0501,SY050101,C3026,SY07,SY0702,SY070203,C4072
Hama/ ????,Hama/ ???? ????,Suran - Hama,Suran/ ?????,,Idleb/ ????,Al Ma'ra/ ???? ???????,Kafr Nobol,Maar Tamater/ ????????,Living with host families/ ?????? ?? ?????? ?????,,138,SY05,SY0501,SY050101,C3026,SY07,SY0702,SY070203,C4065
Hama/ ????,Hama/ ???? ????,Suran - Hama,Suran/ ?????,,Idleb/ ????,Al Ma'ra/ ???? ???????,Kafr Nobol,Maarzita/ ???????,Living with host families/ ?????? ?? ?????? ?????,,300,SY05,SY0501,SY050101,C3026,SY07,SY0702,SY070203,C4066
Hama/ ????,Hama/ ???? ????,Suran - Hama,Suran/ ?????,,Idleb/ ????,Al Ma'ra/ ???? ???????,Kafr Nobol,Shorlin/ ??????,Living with host families/ ?????? ?? ?????? ?????,,66,SY05,SY0501,SY050101,C3026,SY07,SY0702,SY070203,C4053
Hama/ ????,Hama/ ???? ????,Suran - Hama,Suran/ ?????,,Idleb/ ????,Al Ma'ra/ ???? ???????,Khan Shaykun,Baarbu/ ?????,Living with host families/ ?????? ?? ?????? ?????,,240,SY05,SY0501,SY050101,C3026,SY07,SY0702,SY070201,C3992
Hama/ ????,Hama/ ???? ????,Suran - Hama,Suran/ ?????,,Idleb/ ????,Al Ma'ra/ ???? ???????,Khan Shaykun,Hbit/ ??????,,,500,SY05,SY0501,SY050101,C3026,SY07,SY0702,SY070201,C3989
Hama/ ????,Hama/ ???? ????,Suran - Hama,Suran/ ?????,,Idleb/ ????,Al Ma'ra/ ???? ???????,Tamanaah,Big Khwein/ ???? ??????,,,750,SY05,SY0501,SY050101,C3026,SY07,SY0702,SY070204,C4091
Hama/ ????,Hama/ ???? ????,Suran - Hama,Suran/ ?????,,Idleb/ ????,Al Ma'ra/ ???? ???????,Tamanaah,Hamadaniyeh/ ?????????,,,250,SY05,SY0501,SY050101,C3026,SY07,SY0702,SY070204,C4084
Hama/ ????,Hama/ ???? ????,Suran - Hama,Suran/ ?????,,Idleb/ ????,Al Ma'ra/ ???? ???????,Tamanaah,Tal Maraq/ ?? ???,,,200,SY05,SY0501,SY050101,C3026,SY07,SY0702,SY070204,C4087
Hama/ ????,Hama/ ???? ????,Suran - Hama,Suran/ ?????,,Idleb/ ????,Al Ma'ra/ ???? ???????,Tamanaah,Tamanaah/ ????????,,,250,SY05,SY0501,SY050101,C3026,SY07,SY0702,SY070204,C4081
Hama/ ????,Hama/ ???? ????,Suran - Hama,Suran/ ?????,,Idleb/ ????,Ariha/ ?????,Ariha,Ariha/ ?????,Living with host families/ ?????? ?? ?????? ?????,,24,SY05,SY0501,SY050101,C3026,SY07,SY0705,SY070500,C4278
Hama/ ????,Hama/ ???? ????,Suran - Hama,Suran/ ?????,,Idleb/ ????,Ariha/ ?????,Ariha,Shinan/ ????,Living with host families/ ?????? ?? ?????? ?????,,66,SY05,SY0501,SY050101,C3026,SY07,SY0705,SY070500,C4275
Hama/ ????,Hama/ ???? ????,Suran - Hama,Suran/ ?????,,Idleb/ ????,Ariha/ ?????,Ehsem,Farkya/ ?????,Living with host families/ ?????? ?? ?????? ?????,,72,SY05,SY0501,SY050101,C3026,SY07,SY0705,SY070501,C4305
Hama/ ????,Hama/ ???? ????,Suran - Hama,Suran/ ?????,,Idleb/ ????,Ariha/ ?????,Ehsem,Kafr Haya/ ??? ????,Living with host families/ ?????? ?? ?????? ?????,,30,SY05,SY0501,SY050101,C3026,SY07,SY0705,SY070501,C4306
Hama/ ????,Hama/ ???? ????,Suran - Hama,Suran/ ?????,,Idleb/ ????,Ariha/ ?????,Ehsem,Marayan/ ??????,Living with host families/ ?????? ?? ?????? ?????,,78,SY05,SY0501,SY050101,C3026,SY07,SY0705,SY070501,C4308
Hama/ ????,Hama/ ???? ????,Suran - Hama,Suran/ ?????,,Idleb/ ????,Harim/ ????,Qourqeena,Kafr Aruq/ ??? ????,,,125,SY05,SY0501,SY050101,C3026,SY07,SY0703,SY070304,C4172
Hama/ ????,Hama/ ???? ????,Suran - Hama,Suran/ ?????,,Idleb/ ????,Idleb/ ???? ????,Idleb,Mastumeh/ ????????,Living with host families/ ?????? ?? ?????? ?????,,390,SY05,SY0501,SY050101,C3026,SY07,SY0700,SY070000,C3872
Hama/ ????,Hama/ ???? ????,Suran - Hama,Suran/ ?????,,Idleb/ ????,Idleb/ ???? ????,Saraqab,Sheikh Idris/ ??? ?????,Living with host families/ ?????? ?? ?????? ?????,,210,SY05,SY0501,SY050101,C3026,SY07,SY0700,SY070003,C3924
Hama/ ????,Hama/ ???? ????,Suran - Hama,Tiba Elemam/ ???? ??????,,Hama/ ????,As-Suqaylabiyah/ ?????????,Madiq Castle,Kafr Nabutha/ ??? ?????,Living with host families/ ?????? ?? ?????? ?????,,150,SY05,SY0501,SY050101,C3028,SY05,SY0502,SY050204,C3209
Hama/ ????,Hama/ ???? ????,Suran - Hama,Tiba Elemam/ ???? ??????,,Hama/ ????,As-Suqaylabiyah/ ?????????,Madiq Castle,Madiq Castle/ ???? ??????,Living with host families/ ?????? ?? ?????? ?????,,84,SY05,SY0501,SY050101,C3028,SY05,SY0502,SY050204,C3207
Hama/ ????,Hama/ ???? ????,Suran - Hama,Tiba Elemam/ ???? ??????,,Hama/ ????,As-Suqaylabiyah/ ?????????,Ziyara,Qastun/ ?????,Living with host families/ ?????? ?? ?????? ?????,,270,SY05,SY0501,SY050101,C3028,SY05,SY0502,SY050202,C3170
Hama/ ????,Hama/ ???? ????,Suran - Hama,Tiba Elemam/ ???? ??????,,Hama/ ????,As-Suqaylabiyah/ ?????????,Ziyara,Zayzun/ ?????,Living with host families/ ?????? ?? ?????? ?????,,300,SY05,SY0501,SY050101,C3028,SY05,SY0502,SY050202,C3161
Hama/ ????,Hama/ ???? ????,Suran - Hama,Tiba Elemam/ ???? ??????,,Idleb/ ????,Al Ma'ra/ ???? ???????,Kafr Nobol,Ftireh/ ?????,,,100,SY05,SY0501,SY050101,C3028,SY07,SY0702,SY070203,C4070
Hama/ ????,Hama/ ???? ????,Suran - Hama,Tiba Elemam/ ???? ??????,,Idleb/ ????,Al Ma'ra/ ???? ???????,Kafr Nobol,Kafr Musa/ ??? ????,Living with host families/ ?????? ?? ?????? ?????,,60,SY05,SY0501,SY050101,C3028,SY07,SY0702,SY070203,C4067
Hama/ ????,Hama/ ???? ????,Suran - Hama,Tiba Elemam/ ???? ??????,,Idleb/ ????,Al Ma'ra/ ???? ???????,Kafr Nobol,Kafr Oweid/ ??? ????,Living with host families/ ?????? ?? ?????? ?????,,330,SY05,SY0501,SY050101,C3028,SY07,SY0702,SY070203,C4062
Hama/ ????,Hama/ ???? ????,Suran - Hama,Tiba Elemam/ ???? ??????,,Idleb/ ????,Al Ma'ra/ ???? ???????,Kafr Nobol,Sfuhen/ ?????,,,200,SY05,SY0501,SY050101,C3028,SY07,SY0702,SY070203,C4054
Hama/ ????,Hama/ ???? ????,Suran - Hama,Tiba Elemam/ ???? ??????,,Idleb/ ????,Al Ma'ra/ ???? ???????,Maarrat An Numan,Ghadqa/ ??????,Living with host families/ ?????? ?? ?????? ?????,,210,SY05,SY0501,SY050101,C3028,SY07,SY0702,SY070200,C3963
Hama/ ????,Hama/ ???? ????,Suran - Hama,Tiba Elemam/ ???? ??????,,Idleb/ ????,Al Ma'ra/ ???? ???????,Tamanaah,Big Khwein/ ???? ??????,,,625,SY05,SY0501,SY050101,C3028,SY07,SY0702,SY070204,C4091
Hama/ ????,Hama/ ???? ????,Suran - Hama,Tiba Elemam/ ???? ??????,,Idleb/ ????,Al Ma'ra/ ???? ???????,Tamanaah,Tamanaah/ ????????,,,100,SY05,SY0501,SY050101,C3028,SY07,SY0702,SY070204,C4081
Hama/ ????,Hama/ ???? ????,Suran - Hama,Tiba Elemam/ ???? ??????,,Idleb/ ????,Al Ma'ra/ ???? ???????,Tamanaah,Um Elkhalayel/ ?? ????????,,,875,SY05,SY0501,SY050101,C3028,SY07,SY0702,SY070204,C4085
Hama/ ????,Hama/ ???? ????,Suran - Hama,Tiba Elemam/ ???? ??????,,Idleb/ ????,Ariha/ ?????,Ariha,Bazabur/ ??????,Living with host families/ ?????? ?? ?????? ?????,,54,SY05,SY0501,SY050101,C3028,SY07,SY0705,SY070500,C4268
Hama/ ????,Hama/ ???? ????,Suran - Hama,Tiba Elemam/ ???? ??????,,Idleb/ ????,Ariha/ ?????,Ariha,Kafrlata/ ???????,Living with host families/ ?????? ?? ?????? ?????,,90,SY05,SY0501,SY050101,C3028,SY07,SY0705,SY070500,C4283
Hama/ ????,Hama/ ???? ????,Suran - Hama,Tiba Elemam/ ???? ??????,,Idleb/ ????,Ariha/ ?????,Ariha,Majdaliya/ ??????,Living with host families/ ?????? ?? ?????? ?????,,192,SY05,SY0501,SY050101,C3028,SY07,SY0705,SY070500,C4280
Hama/ ????,Hama/ ???? ????,Suran - Hama,Tiba Elemam/ ???? ??????,,Idleb/ ????,Ariha/ ?????,Ehsem,Abdita/ ??????,Living with host families/ ?????? ?? ?????? ?????,,90,SY05,SY0501,SY050101,C3028,SY07,SY0705,SY070501,C4291
Hama/ ????,Hama/ ???? ????,Suran - Hama,Tiba Elemam/ ???? ??????,,Idleb/ ????,Ariha/ ?????,Ehsem,Balshun/ ?????,Living with host families/ ?????? ?? ?????? ?????,,132,SY05,SY0501,SY050101,C3028,SY07,SY0705,SY070501,C4296
Hama/ ????,Hama/ ???? ????,Suran - Hama,Tiba Elemam/ ???? ??????,,Idleb/ ????,Ariha/ ?????,Ehsem,Bsames/ ?????,Living with host families/ ?????? ?? ?????? ?????,,186,SY05,SY0501,SY050101,C3028,SY07,SY0705,SY070501,C4297
Hama/ ????,Hama/ ???? ????,Suran - Hama,Tiba Elemam/ ???? ??????,,Idleb/ ????,Ariha/ ?????,Ehsem,Ein Laruz/ ??? ?????,Living with host families/ ?????? ?? ?????? ?????,,180,SY05,SY0501,SY050101,C3028,SY07,SY0705,SY070501,C4299
Hama/ ????,Hama/ ???? ????,Suran - Hama,Tiba Elemam/ ???? ??????,,Idleb/ ????,Harim/ ????,Qourqeena,Kafr Aruq/ ??? ????,,,125,SY05,SY0501,SY050101,C3028,SY07,SY0703,SY070304,C4172
Hama/ ????,Hama/ ???? ????,,,,Idleb/ ????,Al Ma'ra/ ???? ???????,Maarrat An Numan,Karfuma/ ??????,Living with host families/ ?????? ?? ?????? ?????,,150,SY05,SY0501,,,SY07,SY0702,SY070200,C3984
Hama/ ????,Muhradah/ ?????,Kafr Zeita,Latmin/ ?????,,Hama/ ????,As-Suqaylabiyah/ ?????????,Ziyara,Ziyara/ ???????,Living with host families/ ?????? ?? ?????? ?????,,72,SY05,SY0505,SY050501,C3464,SY05,SY0502,SY050202,C3166
Hama/ ????,Muhradah/ ?????,Kafr Zeita,Latmin/ ?????,,Hama/ ????,Muhradah/ ?????,Kafr Zeita,Kafr Zeita/ ??? ????,Living with host families/ ?????? ?? ?????? ?????,,240,SY05,SY0505,SY050501,C3464,SY05,SY0505,SY050501,C3463
Hama/ ????,Muhradah/ ?????,Kafr Zeita,Latmin/ ?????,,Idleb/ ????,Ariha/ ?????,Ariha,Ariha/ ?????,Living with host families/ ?????? ?? ?????? ?????,,150,SY05,SY0505,SY050501,C3464,SY07,SY0705,SY070500,C4278
Hama/ ????,Muhradah/ ?????,Kafr Zeita,Latmin/ ?????,,Idleb/ ????,Ariha/ ?????,Ehsem,Ablin/ ?????,Living with host families/ ?????? ?? ?????? ?????,,60,SY05,SY0505,SY050501,C3464,SY07,SY0705,SY070501,C4292
Hama/ ????,Muhradah/ ?????,Kafr Zeita,Latmin/ ?????,,Idleb/ ????,Ariha/ ?????,Ehsem,Balyun/ ?????,Living with host families/ ?????? ?? ?????? ?????,,330,SY05,SY0505,SY050501,C3464,SY07,SY0705,SY070501,C4302
Hama/ ????,Muhradah/ ?????,Muhradah,Halfaya/ ??????,,Hama/ ????,As-Suqaylabiyah/ ?????????,Madiq Castle,Madiq Castle/ ???? ??????,Living with host families/ ?????? ?? ?????? ?????,,48,SY05,SY0505,SY050500,C3453,SY05,SY0502,SY050204,C3207
Hama/ ????,Muhradah/ ?????,Muhradah,Halfaya/ ??????,,Idleb/ ????,Al Ma'ra/ ???? ???????,Kafr Nobol,Sfuhen/ ?????,,,175,SY05,SY0505,SY050500,C3453,SY07,SY0702,SY070203,C4054
Hama/ ????,Muhradah/ ?????,Muhradah,Halfaya/ ??????,,Idleb/ ????,Al Ma'ra/ ???? ???????,Kafr Nobol,Um Nir/ ?? ???,Living with host families/ ?????? ?? ?????? ?????,,30,SY05,SY0505,SY050500,C3453,SY07,SY0702,SY070203,C4059
Hama/ ????,Muhradah/ ?????,Muhradah,Halfaya/ ??????,,Idleb/ ????,Al Ma'ra/ ???? ???????,Maarrat An Numan,Jarjnaz/ ??????,Living with host families/ ?????? ?? ?????? ?????,,540,SY05,SY0505,SY050500,C3453,SY07,SY0702,SY070200,C3977
Hama/ ????,Muhradah/ ?????,Muhradah,Halfaya/ ??????,,Idleb/ ????,Al Ma'ra/ ???? ???????,Tamanaah,Big Khwein/ ???? ??????,,,625,SY05,SY0505,SY050500,C3453,SY07,SY0702,SY070204,C4091
Hama/ ????,Muhradah/ ?????,Muhradah,Halfaya/ ??????,,Idleb/ ????,Al Ma'ra/ ???? ???????,Tamanaah,Breiseh/ ???????,,,250,SY05,SY0505,SY050500,C3453,SY07,SY0702,SY070204,C4079
Hama/ ????,Muhradah/ ?????,Muhradah,Halfaya/ ??????,,Idleb/ ????,Al Ma'ra/ ???? ???????,Tamanaah,Niha/ ??????,,,875,SY05,SY0505,SY050500,C3453,SY07,SY0702,SY070204,C4083
Hama/ ????,Muhradah/ ?????,Muhradah,Halfaya/ ??????,,Idleb/ ????,Idleb/ ???? ????,Saraqab,Jobas/ ?????,Living with host families/ ?????? ?? ?????? ?????,,270,SY05,SY0505,SY050500,C3453,SY07,SY0700,SY070003,C3909
Rural Damascus/ ??? ????,Darayya/ ?????,Markaz Darayya,Madamiyet Elsham/ ?????? ?????,,Idleb/ ????,Harim/ ????,Dana,Tal Elkaramej/ ?? ???????,Rented houses/???? ???????  ,,61,SY03,SY0309,SY030900,C2499,SY07,SY0703,SY070301,C4122
Rural Damascus/ ??? ????,Rural Damascus/ ???? ??? ????,Qudsiya,Hama/ ??????,,Idleb/ ????,Idleb/ ???? ????,Maaret Tamsrin,Kelly/ ????,Rented houses/???? ???????  ,,53,SY03,SY0301,SY030107,C2323,SY07,SY0700,SY070005,C3949
Ar-Raqqa/ ?????,Tell Abiad/ ?? ????,Ein Issa,,,Aleppo/ ???,Jarablus/ ??????,Jarablus,Jarablus/ ??????,Camps  / ??????,"Jarablus Camp (old one),",600,SY11,SY1102,SY110202,,SY02,SY0208,SY020800,C2227
Ar-Raqqa/ ?????,Tell Abiad/ ?? ????,Ein Issa,,,Aleppo/ ???,Jarablus/ ??????,Jarablus,Jarablus/ ??????,Collective center/ ???? ???? ????????,Government Building (Agriculture Directorate Building),90,SY11,SY1102,SY110202,,SY02,SY0208,SY020800,C2227
Ar-Raqqa/ ?????,Ar-Raqqa/ ???? ?????,Ar-Raqqa,,,Aleppo/ ???,Menbij/ ????,Menbij,Menbij/ ????,Living with host families/ ?????? ?? ?????? ?????,,1080,SY11,SY1101,SY110100,,SY02,SY0205,SY020500,C1767
Ar-Raqqa/ ?????,Tell Abiad/ ?? ????,Ein Issa,Hisheh/ ????,,Ar-Raqqa/ ?????,Tell Abiad/ ?? ????,Ein Issa,Ein Issa/ ??? ????,Living with host families/ ?????? ?? ?????? ?????,,72,SY11,SY1102,SY110202,C5927,SY11,SY1102,SY110202,C5905
Ar-Raqqa/ ?????,Ar-Raqqa/ ???? ?????,Ar-Raqqa,Tal Elsamen Dahham/ ?? ????? ????,,Ar-Raqqa/ ?????,Tell Abiad/ ?? ????,Ein Issa,Mreiran/ ??????,Living with host families/ ?????? ?? ?????? ?????,,660,SY11,SY1101,SY110100,C5689,SY11,SY1102,SY110202,C5926
Ar-Raqqa/ ?????,Tell Abiad/ ?? ????,Ein Issa,Hisheh/ ????,,Ar-Raqqa/ ?????,Tell Abiad/ ?? ????,Ein Issa,Sakhret Elsheikh/ ???? ??? ?????,Living with host families/ ?????? ?? ?????? ?????,,270,SY11,SY1102,SY110202,C5927,SY11,SY1102,SY110202,C5908
Ar-Raqqa/ ?????,Tell Abiad/ ?? ????,Ein Issa,Hisheh/ ????,,Ar-Raqqa/ ?????,Tell Abiad/ ?? ????,Ein Issa,Sharkrak/ ????????,Living with host families/ ?????? ?? ?????? ?????,,235,SY11,SY1102,SY110202,C5927,SY11,SY1102,SY110202,C5911
Ar-Raqqa/ ?????,Ar-Raqqa/ ???? ?????,Ar-Raqqa,,,Ar-Raqqa/ ?????,Tell Abiad/ ?? ????,Suluk,Hammam At-Turkman/ ???? ????????,Living with host families/ ?????? ?? ?????? ?????,,120,SY11,SY1101,SY110100,,SY11,SY1102,SY110201,C6319
Ar-Raqqa/ ?????,Tell Abiad/ ?? ????,Ein Issa,,,Aleppo/ ???,Jarablus/ ??????,Jarablus,Jarablus/ ??????,Collective center/ ???? ???? ????????,School Building ( Tishrine School),120,SY11,SY1102,SY110202,,SY02,SY0208,SY020800,C2227
Ar-Raqqa/ ?????,Tell Abiad/ ?? ????,Ein Issa,,,Aleppo/ ???,Jarablus/ ??????,Jarablus,Jarablus/ ??????,Collective center/ ???? ???? ????????,School Building (Adnan Dallal School),120,SY11,SY1102,SY110202,,SY02,SY0208,SY020800,C2227
Ar-Raqqa/ ?????,Tell Abiad/ ?? ????,Ein Issa,,,Aleppo/ ???,Jarablus/ ??????,Jarablus,Jarablus/ ??????,Collective center/ ???? ???? ????????,School Building (Al Sharieeh School),120,SY11,SY1102,SY110202,,SY02,SY0208,SY020800,C2227
Ar-Raqqa/ ?????,Tell Abiad/ ?? ????,Ein Issa,,,Aleppo/ ???,Jarablus/ ??????,Jarablus,Jarablus/ ??????,Collective center/ ???? ???? ????????,School Building (Fawzi Al Afeef School),120,SY11,SY1102,SY110202,,SY02,SY0208,SY020800,C2227
Ar-Raqqa/ ?????,Tell Abiad/ ?? ????,Ein Issa,,,Aleppo/ ???,Jarablus/ ??????,Jarablus,Jarablus/ ??????,Collective center/ ???? ???? ????????,School Building (Jarablus  Almuhdatheh School),120,SY11,SY1102,SY110202,,SY02,SY0208,SY020800,C2227
Ar-Raqqa/ ?????,Ar-Raqqa/ ???? ?????,Ar-Raqqa,Tweilah/ ????????,,Ar-Raqqa/ ?????,Tell Abiad/ ?? ????,Ein Issa,Hisheh/ ????,,,30,SY11,SY1101,SY110100,C5712,SY11,SY1102,SY110202,C5927
Ar-Raqqa/ ?????,Ar-Raqqa/ ???? ?????,Ar-Raqqa,Tishrine/ ?????,,Ar-Raqqa/ ?????,Tell Abiad/ ?? ????,Ein Issa,Hisheh/ ????,,,30,SY11,SY1101,SY110100,C5731,SY11,SY1102,SY110202,C5927
Ar-Raqqa/ ?????,Ar-Raqqa/ ???? ?????,Ar-Raqqa,Sukariyet Tal Elsamen/ ????? ?? ?????,,Ar-Raqqa/ ?????,Ar-Raqqa/ ???? ?????,Ar-Raqqa,Kalta/ ???????,Living with host families/ ?????? ?? ?????? ?????,,54,SY11,SY1101,SY110100,C5681,SY11,SY1101,SY110100,C5683
Ar-Raqqa/ ?????,Ar-Raqqa/ ???? ?????,Ar-Raqqa,,,Ar-Raqqa/ ?????,Tell Abiad/ ?? ????,Ein Issa,Wastet Elhijan/ ????? ???????,Collective center/ ???? ???? ????????,,90,SY11,SY1101,SY110100,,SY11,SY1102,SY110202,C5919
Ar-Raqqa/ ?????,Tell Abiad/ ?? ????,Ein Issa,Hisheh/ ????,,Ar-Raqqa/ ?????,Tell Abiad/ ?? ????,Suluk,Hammam At-Turkman/ ???? ????????,,,120,SY11,SY1102,SY110202,C5927,SY11,SY1102,SY110201,C6319
Ar-Raqqa/ ?????,Ar-Raqqa/ ???? ?????,Ar-Raqqa,,,Ar-Raqqa/ ?????,Tell Abiad/ ?? ????,Ein Issa,Hisheh/ ????,Living with host families/ ?????? ?? ?????? ?????,,168,SY11,SY1101,SY110100,,SY11,SY1102,SY110202,C5927
Ar-Raqqa/ ?????,Ar-Raqqa/ ???? ?????,Ar-Raqqa,,,Ar-Raqqa/ ?????,Tell Abiad/ ?? ????,Ein Issa,Hisheh/ ????,Living with host families/ ?????? ?? ?????? ?????,,204,SY11,SY1101,SY110100,,SY11,SY1102,SY110202,C5927
Ar-Raqqa/ ?????,Ar-Raqqa/ ???? ?????,Ar-Raqqa,Tal Elsamen Dahham/ ?? ????? ????,,Ar-Raqqa/ ?????,Tell Abiad/ ?? ????,Ein Issa,Hisheh/ ????,,,210,SY11,SY1101,SY110100,C5689,SY11,SY1102,SY110202,C5927
Aleppo/ ???,Jebel Saman (Aleppo)/ ??? ?????,Atareb,Kafr Naha/ ??? ????,,Idleb/ ????,Harim/ ????,Qourqeena,Qourqeena/ ????????,Living with host families/ ?????? ?? ?????? ?????,,250,SY02,SY0200,SY020001,C1034,SY07,SY0703,SY070304,C4174
Hama/ ????,Hama/ ???? ????,Suran - Hama,Suran/ ?????,,Idleb/ ????,Al Ma'ra/ ???? ???????,Khan Shaykun,Khan Shaykun/ ??? ?????,Living with host families/ ?????? ?? ?????? ?????,,500,SY05,SY0501,SY050101,C3026,SY07,SY0702,SY070201,C3987
Ar-Raqqa/ ?????,Ar-Raqqa/ ???? ?????,Ar-Raqqa,Sukariyet Tal Elsamen/ ????? ?? ?????,,Ar-Raqqa/ ?????,Tell Abiad/ ?? ????,Ein Issa,Hisheh/ ????,,,540,SY11,SY1101,SY110100,C5681,SY11,SY1102,SY110202,C5927
Ar-Raqqa/ ?????,Ar-Raqqa/ ???? ?????,Ar-Raqqa,Upper Khneiz/ ???? ??????,,Ar-Raqqa/ ?????,Ar-Raqqa/ ???? ?????,Ar-Raqqa,Thulth Khneiz/ ??? ????,,,600,SY11,SY1101,SY110100,C5717,SY11,SY1101,SY110100,C5722
Ar-Raqqa/ ?????,Ar-Raqqa/ ???? ?????,Ar-Raqqa,,,Ar-Raqqa/ ?????,Tell Abiad/ ?? ????,Ein Issa,Ein Issa/ ??? ????,Collective center/ ???? ???? ????????,Cotton Center,750,SY11,SY1101,SY110100,,SY11,SY1102,SY110202,C5905
Aleppo/ ???,Al Bab/ ?????,Ar-Raee,Ameriyeh/ ????????,,Idleb/ ????,Harim/ ????,Dana,Kafr Deryan/ ????????,Open areas/ ????? ??????,,45,SY02,SY0202,SY020203,C1260,SY07,SY0703,SY070301,C4132
Rural Damascus/ ??? ????,Qatana/ ????,Qatana,Khan Elshih/ ??? ?????,,Idleb/ ????,Idleb/ ???? ????,Maaret Tamsrin,Maaret Elekhwan/ ????? ???????,Collective center/ ???? ???? ????????,,1585,SY03,SY0308,SY030800,C2466,SY07,SY0700,SY070005,C3950
Aleppo/ ???,Jebel Saman (Aleppo)/ ??? ?????,Haritan,Maaret Elartiq/ ????? ???????,,Idleb/ ????,Harim/ ????,Dana,Atma/ ????,Camps  / ??????,  atma camps -  alwahda camp,18,SY02,SY0200,SY020003,C1136,SY07,SY0703,SY070301,C4130
Aleppo/ ???,Jebel Saman (Aleppo)/ ??? ?????,Zarbah,Zarbah/ ??????,,Idleb/ ????,Harim/ ????,Dana,Atma/ ????,Camps  / ??????,  atma camps -  aljazira camp,42,SY02,SY0200,SY020005,C1170,SY07,SY0703,SY070301,C4130
Aleppo/ ???,A'zaz/ ?????,Tall Refaat,Tall Refaat/ ?? ????,,Idleb/ ????,Harim/ ????,Dana,Atma/ ????,Camps  / ??????,  atma camps -  alanfal camp,36,SY02,SY0204,SY020402,C1621,SY07,SY0703,SY070301,C4130
Aleppo/ ???,Jebel Saman (Aleppo)/ ??? ?????,Zarbah,Tal Heddiyeh/ ?? ????,,Idleb/ ????,Harim/ ????,Dana,Atma/ ????,Camps  / ??????,  atma camps -  alkafernbutha camp,24,SY02,SY0200,SY020005,C1158,SY07,SY0703,SY070301,C4130
Aleppo/ ???,Jebel Saman (Aleppo)/ ??? ?????,Tall Ed-daman,Arjel/ ????,,Idleb/ ????,Harim/ ????,Dana,Atma/ ????,Camps  / ??????,  atma camps -  alkafernbutha camp,30,SY02,SY0200,SY020002,C1057,SY07,SY0703,SY070301,C4130
Aleppo/ ???,Jebel Saman (Aleppo)/ ??? ?????,Tall Ed-daman,Tall Ed-daman/ ?? ??????,,Idleb/ ????,Harim/ ????,Dana,Atma/ ????,Camps  / ??????,  atma camps -  saaeduna camp,120,SY02,SY0200,SY020002,C1058,SY07,SY0703,SY070301,C4130
Aleppo/ ???,Jebel Saman (Aleppo)/ ??? ?????,Zarbah,Tal Heddiyeh/ ?? ????,,Idleb/ ????,Harim/ ????,Dana,Atma/ ????,Camps  / ??????,  atma camps -  saaeduna camp,90,SY02,SY0200,SY020005,C1158,SY07,SY0703,SY070301,C4130
Aleppo/ ???,Jebel Saman (Aleppo)/ ??? ?????,Jebel Saman (Aleppo),Aleppo/ ???,,Idleb/ ????,Harim/ ????,Dana,Atma/ ????,Camps  / ??????,  atma camps -  saaeduna camp,60,SY02,SY0200,SY020000,C1007,SY07,SY0703,SY070301,C4130
Aleppo/ ???,Jebel Saman (Aleppo)/ ??? ?????,Zarbah,Tal Heddiyeh/ ?? ????,,Idleb/ ????,Harim/ ????,Dana,Atma/ ????,Camps  / ??????,  atma camps - atfaluna camp,120,SY02,SY0200,SY020005,C1158,SY07,SY0703,SY070301,C4130
Aleppo/ ???,Jebel Saman (Aleppo)/ ??? ?????,Haritan,Haritan/ ??????,,Idleb/ ????,Harim/ ????,Dana,Atma/ ????,Camps  / ??????,  atma camps -atfaluna  camp,48,SY02,SY0200,SY020003,C1130,SY07,SY0703,SY070301,C4130
Aleppo/ ???,Jebel Saman (Aleppo)/ ??? ?????,Haritan,Maaret Elartiq/ ????? ???????,,Idleb/ ????,Harim/ ????,Dana,Atma/ ????,Camps  / ??????,  atma camps -  atfaluna  camp,90,SY02,SY0200,SY020003,C1136,SY07,SY0703,SY070301,C4130
Aleppo/ ???,Jebel Saman (Aleppo)/ ??? ?????,Haritan,Haritan/ ??????,,Idleb/ ????,Harim/ ????,Dana,Atma/ ????,Camps  / ??????,  atma camps -  alwafa camp,24,SY02,SY0200,SY020003,C1130,SY07,SY0703,SY070301,C4130
Aleppo/ ???,Jebel Saman (Aleppo)/ ??? ?????,Jebel Saman (Aleppo),Aleppo/ ???,,Idleb/ ????,Harim/ ????,Dana,Atma/ ????,Camps  / ??????,  atma camps -  alwafa camp,30,SY02,SY0200,SY020000,C1007,SY07,SY0703,SY070301,C4130
Aleppo/ ???,Jebel Saman (Aleppo)/ ??? ?????,Haritan,Maaret Elartiq/ ????? ???????,,Idleb/ ????,Harim/ ????,Dana,Atma/ ????,Camps  / ??????,  atma camps -  alwafa camp,24,SY02,SY0200,SY020003,C1136,SY07,SY0703,SY070301,C4130
Aleppo/ ???,Jebel Saman (Aleppo)/ ??? ?????,Atareb,Jeineh/ ??????,,Idleb/ ????,Harim/ ????,Dana,Atma/ ????,Camps  / ??????,  atma camps -  alwafa camp,18,SY02,SY0200,SY020001,C1032,SY07,SY0703,SY070301,C4130
Idleb/ ????,Idleb/ ???? ????,Idleb,Idleb/ ????,,Idleb/ ????,Idleb/ ???? ????,Maaret Tamsrin,Maaret Elekhwan/ ????? ???????,Living with host families/ ?????? ?? ?????? ?????,,180,SY07,SY0700,SY070000,C3871,SY07,SY0700,SY070005,C3950
Idleb/ ????,Idleb/ ???? ????,Teftnaz,Maaret Elnaasan - Maaret Elhaski/ ????? ???????_????? ???????,,Idleb/ ????,Harim/ ????,Dana,Atma/ ????,Camps  / ??????,atma camps-alwahda camp,72,SY07,SY0700,SY070004,C3935,SY07,SY0703,SY070301,C4130
Idleb/ ????,Idleb/ ???? ????,Teftnaz,Maaret Elnaasan - Maaret Elhaski/ ????? ???????_????? ???????,,Idleb/ ????,Harim/ ????,Dana,Atma/ ????,Camps  / ??????,atma camps- aljaziera camp,84,SY07,SY0700,SY070004,C3935,SY07,SY0703,SY070301,C4130
Idleb/ ????,Idleb/ ???? ????,Teftnaz,Maaret Elnaasan - Maaret Elhaski/ ????? ???????_????? ???????,,Idleb/ ????,Harim/ ????,Dana,Atma/ ????,Camps  / ??????,atma camps-alwafaa camp,30,SY07,SY0700,SY070004,C3935,SY07,SY0703,SY070301,C4130
Idleb/ ????,Idleb/ ???? ????,Teftnaz,Maaret Elnaasan - Maaret Elhaski/ ????? ???????_????? ???????,,Idleb/ ????,Harim/ ????,Dana,Atma/ ????,Camps  / ??????,atma camps- kafer nbutha camp,60,SY07,SY0700,SY070004,C3935,SY07,SY0703,SY070301,C4130
Idleb/ ????,Idleb/ ???? ????,Teftnaz,Maaret Elnaasan - Maaret Elhaski/ ????? ???????_????? ???????,,Idleb/ ????,Harim/ ????,Dana,Atma/ ????,Camps  / ??????,atma camps-  alheba camp,564,SY07,SY0700,SY070004,C3935,SY07,SY0703,SY070301,C4130
Idleb/ ????,Idleb/ ???? ????,Teftnaz,Maaret Elnaasan - Maaret Elhaski/ ????? ???????_????? ???????,,Idleb/ ????,Harim/ ????,Dana,Atma/ ????,Camps  / ??????,atma camps-  alekhlas camp,60,SY07,SY0700,SY070004,C3935,SY07,SY0703,SY070301,C4130
Idleb/ ????,Idleb/ ???? ????,Teftnaz,Maaret Elnaasan - Maaret Elhaski/ ????? ???????_????? ???????,,Idleb/ ????,Harim/ ????,Dana,Atma/ ????,Camps  / ??????,atma camps-  alarabia camp,90,SY07,SY0700,SY070004,C3935,SY07,SY0703,SY070301,C4130
Idleb/ ????,Idleb/ ???? ????,Teftnaz,Maaret Elnaasan - Maaret Elhaski/ ????? ???????_????? ???????,,Idleb/ ????,Harim/ ????,Dana,Atma/ ????,Camps  / ??????,atma camps-  alawal camp,36,SY07,SY0700,SY070004,C3935,SY07,SY0703,SY070301,C4130
Idleb/ ????,Idleb/ ???? ????,Maaret Tamsrin,Maaret Elekhwan/ ????? ???????,,Idleb/ ????,Harim/ ????,Dana,Kafr Deryan/ ????????,Collective center/ ???? ???? ????????,,48,SY07,SY0700,SY070005,C3950,SY07,SY0703,SY070301,C4132
Aleppo/ ???,Al Bab/ ?????,Al Bab,Hazwan/ ?????,,Aleppo/ ???,A'zaz/ ?????,Azaz,Azaz/ ?????,Other/ ????,Azaz Transit Centre,6,SY02,SY0202,SY020200,C1191,SY02,SY0204,SY020400,C1564
Aleppo/ ???,Al Bab/ ?????,Al Bab,Su Sinbat/ ?? ?????,,Aleppo/ ???,A'zaz/ ?????,Azaz,Azaz/ ?????,Other/ ????,Azaz Transit Centre,3,SY02,SY0202,SY020200,C1190,SY02,SY0204,SY020400,C1564
Aleppo/ ???,Al Bab/ ?????,Al Bab,Qubbet Elsheikh/ ??? ?????,,Aleppo/ ???,A'zaz/ ?????,Azaz,Azaz/ ?????,Other/ ????,Azaz Transit Centre,5,SY02,SY0202,SY020200,C1214,SY02,SY0204,SY020400,C1564
Aleppo/ ???,Menbij/ ????,Menbij,Little Maqtaa Elhajar/ ???? ????? ????,,Aleppo/ ???,A'zaz/ ?????,Azaz,Azaz/ ?????,Other/ ????,Azaz Transit Centre,39,SY02,SY0205,SY020500,C1794,SY02,SY0204,SY020400,C1564
Aleppo/ ???,Jebel Saman (Aleppo)/ ??? ?????,Atareb,Big Orm/ ???? ??????,,Idleb/ ????,Idleb/ ???? ????,Maaret Tamsrin,Maaret Elekhwan/ ????? ???????,Rented houses/???? ???????  ,,75,SY02,SY0200,SY020001,C1029,SY07,SY0700,SY070005,C3950
Idleb/ ????,Idleb/ ???? ????,Maaret Tamsrin,Hazano/ ?????,,Idleb/ ????,Idleb/ ???? ????,Maaret Tamsrin,Maaret Elekhwan/ ????? ???????,Rented houses/???? ???????  ,,100,SY07,SY0700,SY070005,C3944,SY07,SY0700,SY070005,C3950
Aleppo/ ???,Jebel Saman (Aleppo)/ ??? ?????,Jebel Saman (Aleppo),Aleppo/ ???,Khan AlAsal,Idleb/ ????,Harim/ ????,Qourqeena,Boz Ghaz/ ??? ???,Rented houses/???? ???????  ,,100,SY02,SY0200,SY020000,C1007,SY07,SY0703,SY070304,C4166
Aleppo/ ???,Jebel Saman (Aleppo)/ ??? ?????,Atareb,Abin Samaan/ ???? ?????,,Idleb/ ????,Idleb/ ???? ????,Maaret Tamsrin,Maaret Elekhwan/ ????? ???????,Rented houses/???? ???????  ,,100,SY02,SY0200,SY020001,C1026,SY07,SY0700,SY070005,C3950
Aleppo/ ???,Jebel Saman (Aleppo)/ ??? ?????,Atareb,Big Orm/ ???? ??????,,Idleb/ ????,Harim/ ????,Qourqeena,Boz Ghaz/ ??? ???,Unfinished houses or buildings/???? ?? ???? ??? ???????,,150,SY02,SY0200,SY020001,C1029,SY07,SY0703,SY070304,C4166
Aleppo/ ???,Jebel Saman (Aleppo)/ ??? ?????,Atareb,Kafr Naha/ ??? ????,,Aleppo/ ???,Jebel Saman (Aleppo)/ ??? ?????,Atareb,Kafr Taal/ ??? ????,Rented houses/???? ???????  ,,175,SY02,SY0200,SY020001,C1034,SY02,SY0200,SY020001,C1037
Aleppo/ ???,Jebel Saman (Aleppo)/ ??? ?????,Atareb,Atareb/ ???????,,Idleb/ ????,Harim/ ????,Qourqeena,Qourqeena/ ????????,Unfinished houses or buildings/???? ?? ???? ??? ???????,,250,SY02,SY0200,SY020001,C1022,SY07,SY0703,SY070304,C4174
Aleppo/ ???,Jebel Saman (Aleppo)/ ??? ?????,Atareb,Abin Samaan/ ???? ?????,,Idleb/ ????,Harim/ ????,Qourqeena,Boz Ghaz/ ??? ???,Unfinished houses or buildings/???? ?? ???? ??? ???????,,300,SY02,SY0200,SY020001,C1026,SY07,SY0703,SY070304,C4166
Aleppo/ ???,Jebel Saman (Aleppo)/ ??? ?????,Jebel Saman (Aleppo),Aleppo/ ???,Kafr Dael,Aleppo/ ???,Jebel Saman (Aleppo)/ ??? ?????,Atareb,Kafr Taal/ ??? ????,Living with host families/ ?????? ?? ?????? ?????,,325,SY02,SY0200,SY020000,C1007,SY02,SY0200,SY020001,C1037
Aleppo/ ???,Jebel Saman (Aleppo)/ ??? ?????,Atareb,Abin Samaan/ ???? ?????,,Idleb/ ????,Harim/ ????,Qourqeena,Qourqeena/ ????????,Collective center/ ???? ???? ????????,,500,SY02,SY0200,SY020001,C1026,SY07,SY0703,SY070304,C4174
Aleppo/ ???,Jebel Saman (Aleppo)/ ??? ?????,Atareb,Big Orm/ ???? ??????,,Aleppo/ ???,Jebel Saman (Aleppo)/ ??? ?????,Atareb,Atareb/ ???????,Unfinished houses or buildings/???? ?? ???? ??? ???????,,3500,SY02,SY0200,SY020001,C1029,SY02,SY0200,SY020001,C1022
Aleppo/ ???,Al Bab/ ?????,Al Bab,,,Aleppo/ ???,A'zaz/ ?????,Azaz,Shmarekh/ ?????,Camps  / ??????,Al Moqama,942,SY02,SY0202,SY020200,,SY02,SY0204,SY020400,C1557
Aleppo/ ???,Al Bab/ ?????,Al Bab,,,Aleppo/ ???,A'zaz/ ?????,Azaz,Shmarekh/ ?????,Camps  / ??????,Shamarekh village,222,SY02,SY0202,SY020200,,SY02,SY0204,SY020400,C1557
Aleppo/ ???,Al Bab/ ?????,Al Bab,,,Aleppo/ ???,A'zaz/ ?????,Azaz,Salama/ ???????,Camps  / ??????,Ad hoc camp at Bab Al Salameh Gate,66,SY02,SY0202,SY020200,,SY02,SY0204,SY020400,C1561
Aleppo/ ???,Al Bab/ ?????,Al Bab,,,Aleppo/ ???,A'zaz/ ?????,Azaz,Shamarin/ ??????,Camps  / ??????,Al Rayan camp,48,SY02,SY0202,SY020200,,SY02,SY0204,SY020400,C1566
Aleppo/ ???,As-Safira/ ???????,As-Safira,,,Aleppo/ ???,A'zaz/ ?????,Azaz,Shamarin/ ??????,Camps  / ??????,Al Resala camp (Al Armota),90,SY02,SY0207,SY020700,,SY02,SY0204,SY020400,C1566
Ar-Raqqa/ ?????,Ar-Raqqa/ ???? ?????,Ar-Raqqa,,,Aleppo/ ???,A'zaz/ ?????,Azaz,Shmarekh/ ?????,Individual tents/ ??? ?????,Shamarekh village,48,SY11,SY1101,SY110100,,SY02,SY0204,SY020400,C1557
Aleppo/ ???,Al Bab/ ?????,Al Bab,,,Aleppo/ ???,A'zaz/ ?????,Azaz,Talil Elsham/ ???? ?????,Individual tents/ ??? ?????,Talil Elsham camp,78,SY02,SY0202,SY020200,,SY02,SY0204,SY020400,C1559
Aleppo/ ???,Menbij/ ????,Menbij,,,Aleppo/ ???,A'zaz/ ?????,Azaz,Salama/ ???????,Individual tents/ ??? ?????,Sujjo camp/ ???? ????,60,SY02,SY0205,SY020500,,SY02,SY0204,SY020400,C1561
Aleppo/ ???,Al Bab/ ?????,Al Bab,,,Aleppo/ ???,A'zaz/ ?????,Azaz,Shamarin/ ??????,Camps  / ??????,Al Resala camp (Al Armota),156,SY02,SY0202,SY020200,,SY02,SY0204,SY020400,C1566
Aleppo/ ???,Al Bab/ ?????,Al Bab,,,Aleppo/ ???,A'zaz/ ?????,Aghtrin,Turkman Bareh/ ?????? ????,,,600,SY02,SY0202,SY020200,,SY02,SY0204,SY020401,C1605
Aleppo/ ???,Al Bab/ ?????,Al Bab,,,Aleppo/ ???,A'zaz/ ?????,Suran - Hama,Suran/ ?????,,,600,SY02,SY0202,SY020200,,SY02,SY0204,SY020405,C1664
Aleppo/ ???,Al Bab/ ?????,Al Bab,,,Aleppo/ ???,A'zaz/ ?????,Azaz,Talil Elsham/ ???? ?????,Individual tents/ ??? ?????,Talil Elsham village,132,SY02,SY0202,SY020200,,SY02,SY0204,SY020400,C1559
Aleppo/ ???,Al Bab/ ?????,Al Bab,,,Aleppo/ ???,A'zaz/ ?????,Azaz,Nayara/ ?????,Individual tents/ ??? ?????,Mafrak Nyria Gathering,150,SY02,SY0202,SY020200,,SY02,SY0204,SY020400,C1573
Aleppo/ ???,Jebel Saman (Aleppo)/ ??? ?????,Daret Azza,,,Aleppo/ ???,A'zaz/ ?????,Azaz,Azaz/ ?????,,,300,SY02,SY0200,SY020004,,SY02,SY0204,SY020400,C1564
Aleppo/ ???,Al Bab/ ?????,Al Bab,,,Aleppo/ ???,A'zaz/ ?????,Azaz,Salama/ ???????,Camps  / ??????,Al Moqama ,1800,SY02,SY0202,SY020200,,SY02,SY0204,SY020400,C1561
Aleppo/ ???,Al Bab/ ?????,Al Bab,Aabad/ ????,,Aleppo/ ???,Menbij/ ????,Menbij,Menbij/ ????,Rented houses/???? ???????  ,,17,SY02,SY0202,SY020200,C1194,SY02,SY0205,SY020500,C1767
Aleppo/ ???,Al Bab/ ?????,Ar-Raee,Ar-Ra'ee/ ??????,,Aleppo/ ???,Menbij/ ????,Menbij,Menbij/ ????,Rented houses/???? ???????  ,,40,SY02,SY0202,SY020203,C1250,SY02,SY0205,SY020500,C1767
Aleppo/ ???,Al Bab/ ?????,Al Bab,Bazagha/ ?????,,Aleppo/ ???,Menbij/ ????,Menbij,Menbij/ ????,Unfinished houses or buildings/???? ?? ???? ??? ???????,,200,SY02,SY0202,SY020200,C1188,SY02,SY0205,SY020500,C1767
Aleppo/ ???,Al Bab/ ?????,Arima,A'rima/ ???????,,Aleppo/ ???,Menbij/ ????,Menbij,Menbij/ ????,Unfinished houses or buildings/???? ?? ???? ??? ???????,,95,SY02,SY0202,SY020206,C1329,SY02,SY0205,SY020500,C1767
Aleppo/ ???,Al Bab/ ?????,Al Bab,Qabasin/ ??????,,Aleppo/ ???,Menbij/ ????,Menbij,Menbij/ ????,Unfinished houses or buildings/???? ?? ???? ??? ???????,,48,SY02,SY0202,SY020200,C1209,SY02,SY0205,SY020500,C1767
Aleppo/ ???,Al Bab/ ?????,Al Bab,Al Bab/ ?????,,Aleppo/ ???,Menbij/ ????,Menbij,Menbij/ ????,Rented houses/???? ???????  ,,660,SY02,SY0202,SY020200,C1202,SY02,SY0205,SY020500,C1767
Aleppo/ ???,Al Bab/ ?????,Al Bab,Qdeiran/ ??????,,Aleppo/ ???,Menbij/ ????,Menbij,Menbij/ ????,Rented houses/???? ???????  ,,18,SY02,SY0202,SY020200,C1211,SY02,SY0205,SY020500,C1767
Ar-Raqqa/ ?????,Tell Abiad/ ?? ????,Tell Abiad,Zarzuri/ ????????,,Aleppo/ ???,Menbij/ ????,Menbij,Menbij/ ????,Unfinished houses or buildings/???? ?? ???? ??? ???????,,50,SY11,SY1102,SY110200,C5803,SY02,SY0205,SY020500,C1767
Aleppo/ ???,Al Bab/ ?????,Al Bab,Maqri/ ??????,,Aleppo/ ???,Menbij/ ????,Menbij,Menbij/ ????,Rented houses/???? ???????  ,,12,SY02,SY0202,SY020200,C1193,SY02,SY0205,SY020500,C1767
Aleppo/ ???,Al Bab/ ?????,Al Bab,,,Aleppo/ ???,Menbij/ ????,Menbij,Menbij/ ????,Unfinished houses or buildings/???? ?? ???? ??? ???????,,5,SY02,SY0202,SY020200,,SY02,SY0205,SY020500,C1767
Aleppo/ ???,Al Bab/ ?????,Al Bab,,,Aleppo/ ???,Menbij/ ????,Menbij,Menbij/ ????,Rented houses/???? ???????  ,,42,SY02,SY0202,SY020200,,SY02,SY0205,SY020500,C1767
Aleppo/ ???,Al Bab/ ?????,Al Bab,,,Aleppo/ ???,Menbij/ ????,Menbij,Menbij/ ????,Unfinished houses or buildings/???? ?? ???? ??? ???????,,40,SY02,SY0202,SY020200,,SY02,SY0205,SY020500,C1767
Aleppo/ ???,Al Bab/ ?????,Arima,Omyaniye - Korhyok/ ????????_???????,,Aleppo/ ???,Menbij/ ????,Menbij,Menbij/ ????,Rented houses/???? ???????  ,,8,SY02,SY0202,SY020206,C1326,SY02,SY0205,SY020500,C1767
Aleppo/ ???,Menbij/ ????,Maskana,Maskana - Onaiza/ ?????_?????,,Aleppo/ ???,Menbij/ ????,Menbij,Menbij/ ????,Unfinished houses or buildings/???? ?? ???? ??? ???????,,350,SY02,SY0205,SY020503,C1933,SY02,SY0205,SY020500,C1767
Aleppo/ ???,Menbij/ ????,Maskana,Maskana - Onaiza/ ?????_?????,,Aleppo/ ???,Menbij/ ????,Menbij,Menbij/ ????,Rented houses/???? ???????  ,,60,SY02,SY0205,SY020503,C1933,SY02,SY0205,SY020500,C1767
Aleppo/ ???,Menbij/ ????,Maskana,,,Aleppo/ ???,Menbij/ ????,Abu Qalqal,Abu Qalqal/ ??? ????,Rented houses/???? ???????  ,,15,SY02,SY0205,SY020503,,SY02,SY0205,SY020501,C1798
Aleppo/ ???,Menbij/ ????,Al-Khafsa,Al-Khafsa/ ??????,,Aleppo/ ???,Menbij/ ????,Abu Qalqal,Abu Qalqal/ ??? ????,Unfinished houses or buildings/???? ?? ???? ??? ???????,,250,SY02,SY0205,SY020502,C1894,SY02,SY0205,SY020501,C1798
Aleppo/ ???,Menbij/ ????,Al-Khafsa,Tal Aswad/ ?? ????,,Aleppo/ ???,Menbij/ ????,Menbij,,Rented houses/???? ???????  ,,300,SY02,SY0205,SY020502,C1895,SY02,SY0205,SY020500,
Aleppo/ ???,Menbij/ ????,Al-Khafsa,,,Aleppo/ ???,Menbij/ ????,Menbij,Menbij/ ????,Unfinished houses or buildings/???? ?? ???? ??? ???????,,30,SY02,SY0205,SY020502,,SY02,SY0205,SY020500,C1767
Aleppo/ ???,Menbij/ ????,Al-Khafsa,Kherbet Shihab / ???? ????,,Aleppo/ ???,Menbij/ ????,Menbij,,Rented houses/???? ???????  ,,40,SY02,SY0205,SY020502,C1899,SY02,SY0205,SY020500,
Ar-Raqqa/ ?????,Ar-Raqqa/ ???? ?????,Ar-Raqqa,Ar-Raqqa/ ?????,,Aleppo/ ???,Menbij/ ????,Menbij,Um Elsafa/ ?? ?????,Unfinished houses or buildings/???? ?? ???? ??? ???????,,800,SY11,SY1101,SY110100,C5710,SY02,SY0205,SY020500,C6335
Ar-Raqqa/ ?????,Ar-Raqqa/ ???? ?????,Ar-Raqqa,,,Aleppo/ ???,Menbij/ ????,Menbij,,Rented houses/???? ???????  ,,45,SY11,SY1101,SY110100,,SY02,SY0205,SY020500,
Ar-Raqqa/ ?????,Ar-Raqqa/ ???? ?????,Ar-Raqqa,,,Aleppo/ ???,Menbij/ ????,Menbij,Big Madneh/ ???? ?????,Individual tents/ ??? ?????,,14,SY11,SY1101,SY110100,,SY02,SY0205,SY020500,C1781
Ar-Raqqa/ ?????,Ar-Raqqa/ ???? ?????,,,,Aleppo/ ???,Menbij/ ????,Menbij,Menbij/ ????,Individual tents/ ??? ?????,,18,SY11,SY1101,,,SY02,SY0205,SY020500,C1767
Aleppo/ ???,Al Bab/ ?????,Al Bab,Al Bab/ ?????,,Aleppo/ ???,Menbij/ ????,Menbij,Menbij/ ????,Unfinished houses or buildings/???? ?? ???? ??? ???????,,100,SY02,SY0202,SY020200,C1202,SY02,SY0205,SY020500,C1767
Aleppo/ ???,Al Bab/ ?????,Al Bab,Qabasin/ ??????,,Aleppo/ ???,Menbij/ ????,Menbij,Menbij/ ????,Rented houses/???? ???????  ,,150,SY02,SY0202,SY020200,C1209,SY02,SY0205,SY020500,C1767
Aleppo/ ???,Al Bab/ ?????,Arima,A'rima/ ???????,,Aleppo/ ???,Menbij/ ????,Menbij,Menbij/ ????,Unfinished houses or buildings/???? ?? ???? ??? ???????,,130,SY02,SY0202,SY020206,C1329,SY02,SY0205,SY020500,C1767
Ar-Raqqa/ ?????,Ar-Raqqa/ ???? ?????,Ar-Raqqa,Ar-Raqqa/ ?????,,Aleppo/ ???,Menbij/ ????,Menbij,Menbij/ ????,Rented houses/???? ???????  ,,50,SY11,SY1101,SY110100,C5710,SY02,SY0205,SY020500,C1767
Ar-Raqqa/ ?????,Ath-Thawrah/ ??????,Mansura,Mansura/ ????????,,Aleppo/ ???,Menbij/ ????,Menbij,Menbij/ ????,Rented houses/???? ???????  ,,8,SY11,SY1103,SY110301,C5942,SY02,SY0205,SY020500,C1767
Ar-Raqqa/ ?????,Ath-Thawrah/ ??????,Jurneyyeh,Jurneyyeh/ ???????,,Aleppo/ ???,Menbij/ ????,Menbij,Menbij/ ????,Rented houses/???? ???????  ,,92,SY11,SY1103,SY110302,C5965,SY02,SY0205,SY020500,C1767
Aleppo/ ???,Al Bab/ ?????,Al Bab,Al Bab/ ?????,,Aleppo/ ???,Menbij/ ????,Menbij,Menbij/ ????,Rented houses/???? ???????  ,,120,SY02,SY0202,SY020200,C1202,SY02,SY0205,SY020500,C1767
Aleppo/ ???,Al Bab/ ?????,Al Bab,Qabasin/ ??????,,Aleppo/ ???,Menbij/ ????,Menbij,Menbij/ ????,Unfinished houses or buildings/???? ?? ???? ??? ???????,,200,SY02,SY0202,SY020200,C1209,SY02,SY0205,SY020500,C1767
Aleppo/ ???,Menbij/ ????,Maskana,Maskana - Onaiza/ ?????_?????,,Aleppo/ ???,Menbij/ ????,Menbij,Menbij/ ????,Rented houses/???? ???????  ,,65,SY02,SY0205,SY020503,C1933,SY02,SY0205,SY020500,C1767
Aleppo/ ???,Menbij/ ????,Al-Khafsa,Al-Khafsa/ ??????,,Aleppo/ ???,Menbij/ ????,Menbij,Menbij/ ????,Rented houses/???? ???????  ,,85,SY02,SY0205,SY020502,C1894,SY02,SY0205,SY020500,C1767
Aleppo/ ???,Al Bab/ ?????,Al Bab,Qabasin/ ??????,,Aleppo/ ???,Menbij/ ????,Menbij,Menbij/ ????,Unfinished houses or buildings/???? ?? ???? ??? ???????,,250,SY02,SY0202,SY020200,C1209,SY02,SY0205,SY020500,C1767
Ar-Raqqa/ ?????,Ath-Thawrah/ ??????,Al-Thawrah,Al-Thawrah/ ??????,,Aleppo/ ???,Menbij/ ????,Menbij,Menbij/ ????,Unfinished houses or buildings/???? ?? ???? ??? ???????,,500,SY11,SY1103,SY110300,C5929,SY02,SY0205,SY020500,C1767
Aleppo/ ???,Al Bab/ ?????,Al Bab,Al Bab/ ?????,,Aleppo/ ???,Menbij/ ????,Menbij,Karsan/ ?????,Under trees/ ??? ???????,,1000,SY02,SY0202,SY020200,C1202,SY02,SY0205,SY020500,C1768
Ar-Raqqa/ ?????,Ath-Thawrah/ ??????,Mansura,Debsi Afnan/ ???? ?????,,Aleppo/ ???,Menbij/ ????,Menbij,Jeb Hassan Agha/ ?? ??? ???,Under trees/ ??? ???????,,1200,SY11,SY1103,SY110301,C5939,SY02,SY0205,SY020500,C1819
Ar-Raqqa/ ?????,Ath-Thawrah/ ??????,Mansura,Debsi Afnan/ ???? ?????,,Aleppo/ ???,Menbij/ ????,Menbij,,Under trees/ ??? ???????,,700,SY11,SY1103,SY110301,C5939,SY02,SY0205,SY020500,
Aleppo/ ???,Al Bab/ ?????,Arima,A'rima/ ???????,,Aleppo/ ???,Menbij/ ????,Menbij,Saan Elghazal - Buz Kij/ ??? ??????_??? ???,Under trees/ ??? ???????,,1300,SY02,SY0202,SY020206,C1329,SY02,SY0205,SY020500,C1715
Aleppo/ ???,Menbij/ ????,Al-Khafsa,Al-Khafsa/ ??????,,Aleppo/ ???,Menbij/ ????,Menbij,Um Adase near Manbaj/ ?? ???? ??? ????,Under trees/ ??? ???????,,800,SY02,SY0205,SY020502,C1894,SY02,SY0205,SY020500,C1726
Aleppo/ ???,Al Bab/ ?????,Al Bab,Al Bab/ ?????,,Aleppo/ ???,Menbij/ ????,Menbij,Menbij/ ????,Home/ ????,,300,SY02,SY0202,SY020200,C1202,SY02,SY0205,SY020500,C1767
Aleppo/ ???,Al Bab/ ?????,Al Bab,Qabasin/ ??????,,Aleppo/ ???,Menbij/ ????,Menbij,Qabab Bonyeh - Qarajleh/ ??? ????_??????,Individual tents/ ??? ?????,,200,SY02,SY0202,SY020200,C1209,SY02,SY0205,SY020500,C1791
Aleppo/ ???,Al Bab/ ?????,Arima,A'rima/ ???????,,Aleppo/ ???,Menbij/ ????,Menbij,Menbij/ ????,Individual tents/ ??? ?????,,300,SY02,SY0202,SY020206,C1329,SY02,SY0205,SY020500,C1767
Aleppo/ ???,Al Bab/ ?????,Al Bab,Al Bab/ ?????,,Aleppo/ ???,Menbij/ ????,Menbij,Menbij/ ????,Unfinished houses or buildings/???? ?? ???? ??? ???????,,150,SY02,SY0202,SY020200,C1202,SY02,SY0205,SY020500,C1767
Aleppo/ ???,Al Bab/ ?????,Al Bab,Al Bab/ ?????,,Aleppo/ ???,Menbij/ ????,Menbij,Big Madneh/ ???? ?????,Unfinished houses or buildings/???? ?? ???? ??? ???????,,100,SY02,SY0202,SY020200,C1202,SY02,SY0205,SY020500,C1781
Aleppo/ ???,Al Bab/ ?????,Arima,A'rima/ ???????,,Aleppo/ ???,Menbij/ ????,Menbij,Menbij/ ????,Individual tents/ ??? ?????,,12000,SY02,SY0202,SY020206,C1329,SY02,SY0205,SY020500,C1767
Aleppo/ ???,Menbij/ ????,Menbij,Himar Jis/ ???? ???,,Aleppo/ ???,Menbij/ ????,Menbij,Menbij/ ????,Unfinished houses or buildings/???? ?? ???? ??? ???????,,500,SY02,SY0205,SY020500,C1725,SY02,SY0205,SY020500,C1767
Aleppo/ ???,Menbij/ ????,Menbij,Menbij/ ????,,Aleppo/ ???,Menbij/ ????,Menbij,Menbij/ ????,Unfinished houses or buildings/???? ?? ???? ??? ???????,,400,SY02,SY0205,SY020500,C1767,SY02,SY0205,SY020500,C1767
Aleppo/ ???,Menbij/ ????,Menbij,Menbij/ ????,,Aleppo/ ???,Menbij/ ????,Menbij,Menbij/ ????,Individual tents/ ??? ?????,,300,SY02,SY0205,SY020500,C1767,SY02,SY0205,SY020500,C1767
